도로명주소,Latitude,Longitude
서울특별시 강남구 자곡동 자곡로3길 21,37.4712792,127.0886878
서울특별시 강남구 선릉로 121길 12,37.5143497,127.041057
서울특별시 강남구 일원동 일원로 127,37.4824343,127.0853806
서울특별시 강남구 삼성동 16-1,37.5175686,127.0474869
서울특별시 강남구 세곡동 헌릉로590길 63,37.4602882,127.1011856
서울특별시 강남구 수서동 광평로34길55,37.4809954,127.0908145
서울특별시 강남구 언주로 211,37.4925494,127.0465277
서울특별시 강남구 자곡동 자곡로 175,37.4746612,127.1014323
서울특별시 강남구 율현동 밤고개로27길 20,37.4700801,127.1104586
서울특별시 강남구 율현동 밤고개로26길 50,37.4676239,127.1054791
서울특별시 강남구 자곡동 자곡로 260,37.4758377,127.1126859
서울특별시 강남구 역삼동 역삼로 306,37.4985708,127.0464187
서울특별시 강남구 역삼동 755-1,37.4997212,127.0499795
서울특별시 강남구 일원동 개포로110길 15,37.4922926,127.0783273
서울특별시 강남구 역삼동 701,37.5038595,127.0431599
서울특별시 강남구 삼성동 봉은사로111길 25,37.5168667,127.0647706
서울특별시 강남구 대치동 980-9,37.5022565,127.0641674
서울특별시 강남구 대치동 삼성로64길 5,37.5008276,127.0609734
서울특별시 강남구 도곡동 언주로30길 13,37.4881202,127.0510778
서울특별시 강남구 도곡동 선릉로 221,37.4935415,127.0505473
서울특별시 강남구 삼성로67길 14,37.5011383,127.0583165
서울특별시 강남구 삼성동 봉은사로 645,37.5155618,127.0657575
서울특별시 강남구 자곡동 자곡로 101,37.4741294,127.0940867
서울특별시 강남구 역삼동 도곡로43길 20,37.4964997,127.0481475
서울특별시 강남구 대치동 삼성로51길 37,37.4942974,127.0580036
서울특별시 강남구 대치동 도곡로93길 12,37.5010448,127.0654872
서울특별시 강남구 삼성동 103-22,37.5171344,127.063973
서울특별시 강남구 삼성동 봉은사로109길 14-8,37.516372,127.0649994
서울특별시 강남구 삼성동 48,37.5139819,127.0498761
서울특별시 강남구 삼성동 학동로64길 14,37.5167876,127.0446809
서울특별시 강남구 삼성로 111길 8,37.5138585,127.051486
서울특별시 강남구 삼성동 3-8,37.5171818,127.0443287
서울특별시 강남구 삼성동 학동로68길 30,37.5159911,127.0462275
서울특별시 강남구 삼성동 삼성로99길 14,37.5092334,127.053837
서울특별시 강남구 일원동 일원로 120,37.484275,127.0826129
서울특별시 강남구 세곡동 508,37.4642292,127.1005027
서울특별시 강남구 세곡동 헌릉로 590길10,37.4641688,127.1027546
서울특별시 강남구 세곡동 헌릉로590길 11,37.4637798,127.10441
서울특별시 강남구 세곡동 533,37.4667789,127.0929671
서울특별시 강남구 삼성동 영동대로 640,37.5182869,127.05934
서울특별시 강남구 논현동 276-1,37.5095247,127.038955
서울특별시 강남구 역삼동 도곡로57길 12,37.4967691,127.0515829
서울특별시 강남구 역삼동 755-4,37.4987773,127.0498786
서울특별시 강남구 역삼동 757,37.4975157,127.0500483
서울특별시 강남구 대치동 950,37.506883,127.062278
서울특별시 강남구 청담동 영동대로142길 16,37.5247638,127.0561166
서울특별시 강남구 청담동 영동대로138길 12,37.5236009,127.0571953
서울특별시 강남구 청담동 학동로97길 31,37.5216403,127.0544152
서울특별시 강남구 도곡동 언주로30길 57,37.4897104,127.0544907
서울특별시 강남구 도곡동 언주로30길 56,37.4882228,127.0544393
서울특별시 강남구 도곡동 언주로30길 26,37.4873359,127.0528298
서울특별시 강남구 율현동 101-13,37.470254,127.1184614
서울특별시 강남구 역삼동 710,37.5014704,127.0449215
서울특별시 강동구 천호대로 1239(길동),37.5377195,127.1491803
서울특별시 강동구 성내동 541-2,37.5292319,127.1255617
서울특별시 강동구 둔촌동 522-9,37.5238222,127.1355704
서울특별시 강동구 상일동 477,37.5510531,127.1575617
서울특별시 강동구 천호동 천호대로 1089,37.5443765,127.1276202
서울특별시 강동구 강일동 아리수로94길 19,37.5637808,127.1764946
서울특별시 강동구 강일동 고덕로97길 20,37.5599694,127.1807611
서울특별시 강동구 강일동 고덕로97길 100,37.5630205,127.1801217
서울특별시 강동구 강일동 아리수로93길 40,37.5667207,127.1747157
서울특별시 강동구 아리수로98길 25,37.5647682,127.1789807
서울특별시 강동구 성내동 풍성로53길 40,37.5311405,127.1353981
서울특별시 강동구 상일로 152,37.5611803,127.1716648
서울특별시 강동구 상일로 74,37.5524225,127.1753241
서울특별시 강동구 고덕동 동남로79길 26,37.5589299,127.1552406
서울특별시 강동구 길동 명일로 293,37.5438556,127.147483
서울특별시 강동구 올림픽로 664,37.5406102,127.1249224
서울특별시 강동구 둔촌동 명일로 172,37.5341448,127.1465183
서울특별시 강동구 구천면로 395(명일동),37.5509507,127.142871
서울특별시 강동구 명일동 동남로71길 19,37.5504605,127.1551497
서울특별시 강동구 명일동 260-1,37.5460424,127.1471773
서울특별시 강동구 성내동 598,37.5332343,127.1309108
서울특별시 강동구 성내동 410-2,37.5305277,127.1335445
서울특별시 강동구 성내동 풍성로 128,37.5307601,127.1259881
서울특별시 강동구 둔촌동 명일로 102,37.5278534,127.1428285
서울특별시 강동구 암사동 고덕로 53,37.5552132,127.131295
서울특별시 강동구 둔촌동 명일로 110,37.5288635,127.1430753
서울특별시 강동구 구천면로 42길 60(천호동),37.5385597,127.13112
서울특별시 강동구 천호동 329,37.5447886,127.1218778
서울특별시 강동구 암사동 고덕로19길 30,37.5562375,127.1342427
서울특별시 강동구 암사동 올림픽로104길 41,37.5552084,127.1319244
서울특별시 강동구 천호대로 1005,37.5390258,127.1244577
서울특별시 강동구 암사동 675,37.5488496,127.1253672
서울특별시 강북구 수유동 360-10,37.6407905,127.0134278
서울특별시 강북구 미아동 190-1,37.6305681,127.0249447
서울특별시 강북구 미아동 797,37.6259763,127.0194053
서울특별시 강북구 미아동 474,37.6136764,127.0257085
서울특별시 강북구 미아동 1355,37.6148252,127.0365802
서울특별시 강북구 번동 90,37.6217709,127.0411741
서울특별시 강북구 번동 139,37.6263818,127.0375186
서울특별시 강서구 염창동 309,37.5490146,126.8707483
서울특별시 강서구 화곡동 980-27,37.5512778,126.8500113
서울특별시 강서구 가양동 양천로55길 55,37.5664864,126.8491446
서울특별시 강서구 마곡동 801-7,37.5578892,126.8349462
서울특별시 강서구 마곡동 748,37.5577683,126.818376
서울특별시 강서구 내발산동 742,37.5543776,126.8302062
서울특별시 강서구 내발산동 751,37.5528189,126.8249124
서울특별시 강서구 내발산동 749,37.5519892,126.827068
서울특별시 강서구 내발산동 수명로2길 63,37.5503703,126.8257296
서울특별시 강서구 내발산동 수명로2가길 22,37.5481487,126.8227067
서울특별시 강서구 내발산동 745,37.5516573,126.828652
서울특별시 강서구 마곡동 공항대로 124,37.5593481,126.8211025
서울특별시 강서구 마곡동 마곡서1로 146,37.563921,126.8197729
서울특별시 강서구 마곡동 736,37.5681449,126.820128
서울특별시 강서구 마곡동 743,37.5653061,126.8207668
서울특별시 강서구 마곡동 마곡서1로 81,37.5635954,126.8197177
서울특별시 강서구 마곡동 725-1,37.5640306,126.817834
서울특별시 강서구 등촌동 701,37.5598381,126.8470289
서울특별시 강서구 방화동 금낭화로 287-19,37.5771886,126.8102531
서울특별시 강서구 방화동 875,37.574702,126.8149759
서울특별시 강서구 마곡동 745,37.5610906,126.8214084
서울특별시 강서구 염창동 306,37.5513843,126.8735524
서울특별시 강서구 과해동 676,37.5618103,126.7986587
서울특별시 강서구 방화동 886,37.5650592,126.8029919
서울특별시 강서구 공항대로59길 64,37.5546116,126.8641623
서울특별시 강서구 화곡동 1139,37.545684,126.8336232
서울특별시 관악구 봉천동 225,37.4729216,126.9600936
서울특별시 관악구 신림동 1577-4,37.4829502,126.9224276
서울특별시 관악구 봉천동 은천로33길 5,37.4872045,126.9509913
서울특별시 관악구 신사로 7,37.4847555,126.9046773
서울특별시 관악구 봉천동 은천로 93,37.4892875,126.9447672
서울특별시 관악구 신림동 난곡로 66,37.4613438,126.9199087
서울특별시 관악구 봉천동 보라매로 62,37.4941041,126.9281773
서울특별시 관악구 봉천동 1701,37.4770632,126.9518897
서울특별시 관악구 봉천동 청룡길 78,37.4783225,126.9450284
서울특별시 관악구 신림동 광신길 86,37.4639904,126.9266981
서울특별시 관악구 신림동 미성3길 16,37.4731879,126.9163188
서울특별시 관악구 신림동 미성길 122,37.4721456,126.9117632
서울특별시 관악구 봉천동 인헌12길 46-1,37.4699738,126.9645617
서울특별시 관악구 신림로3가길 45-24,37.4676167,126.9419581
서울특별시 광진구 구의동 546-4,37.5356993,127.095765
서울특별시 광진구 광장동 아차산로 537-17,37.5431792,127.0995622
서울특별시 광진구 자양동 777,37.5384193,127.0824491
서울특별시 광진구 자양동 구의강변로1길 44,37.5300164,127.0897927
서울특별시 광진구 구의동 199-18,37.5399001,127.0948193
서울특별시 광진구 구의동 199-18,37.5399001,127.0948193
서울특별시 광진구 자양3동 510-8,37.53619,127.0694554
서울특별시 광진구 뚝섬로 52길 74,37.5293839,127.0775297
서울특별시 광진구 자양동 아차산로36길 13,37.5376403,127.0743509
서울특별시 광진구 광장동 353,37.5501984,127.1037288
서울특별시 구로구 개봉동 477,37.4823138,126.8497819
서울특별시 구로구 개봉동 475,37.4961871,126.8600063
서울특별시 구로구 고척동 340,37.5056324,126.8614298
서울특별시 구로구 고척로 45길 39,37.5059325,126.8520068
서울특별시 구로구 고척동 63-6,37.498931,126.8670866
서울특별시 구로구 고척동 339,37.5076103,126.8581136
서울특별시 구로구 구로동 741-44,37.4896728,126.8869813
서울특별시 구로구 구로동 435,37.4952909,126.8876545
서울특별시 구로구 구로동 139-82,37.4908833,126.8916101
서울특별시 구로구 구로동 256-1,37.4877322,126.8918993
서울특별시 구로구 구로동 가마산로 283,37.4969001,126.8913738
서울특별시 구로구 구로동 102,37.4969468,126.8895561
서울특별시 구로구 구로동 102,37.4969468,126.8895561
서울특별시 구로구 구로동 1269,37.4988448,126.8805528
서울특별시 구로구 구로동 1283,37.4982187,126.8755522
서울특별시 구로구 고척동 327,37.5009135,126.8651312
서울특별시 구로구 구로동 1263,37.5034978,126.8842102
서울특별시 구로구 구로동 501,37.4998962,126.884113
서울특별시 구로구 신도림동 신도림로 56-13,37.5084841,126.8827725
서울특별시 구로구 신도림로 87,37.5110415,126.8829523
서울특별시 구로구 오류동 346,37.4916081,126.8415281
서울특별시 구로구 오류동 오류로 30,37.4897685,126.8406895
서울특별시 구로구 천왕동 천왕로 92,37.4848289,126.8385549
서울특별시 구로구 천왕동 천왕로 29,37.4803587,126.8381965
서울특별시 구로구 천왕동 천왕로 10,37.480149,126.8415694
서울특별시 구로구 가리봉동 1-11,37.4870791,126.8807855
서울특별시 구로구 항동 242,37.4810318,126.8246024
서울특별시 금천구 독산동 1148,37.4589377,126.8961137
서울특별시 금천구 시흥동 1020,37.4568163,126.8954085
서울특별시 금천구 시흥동 시흥대로 165,37.447804,126.9012343
서울특별시 금천구 독산동 152-1,37.4726225,126.8976696
서울특별시 금천구 가산디지털1로 33-33,37.4685224,126.8845841
서울특별시 노원구 공릉동 708,37.6302736,127.0694304
서울특별시 노원구 공릉동 동일로175길 38,37.6198595,127.0725176
서울특별시 노원구 공릉동 공릉로 206,37.6280766,127.0786175
서울특별시 노원구 공릉동 공릉로27길 110,37.6264912,127.0774455
서울특별시 노원구 공릉동 섬밭로 139,37.6291633,127.0668178
서울특별시 노원구 상계동 701-1,37.6541639,127.0566603
서울특별시 노원구 상계동 700,37.6539176,127.0556668
서울특별시 노원구 상계동 상계로7길 18,37.6579246,127.0652106
서울특별시 노원구 공릉동 670-20,37.6185315,127.0762191
서울특별시 노원구 공릉동 공릉로 213,37.6280811,127.0768426
서울특별시 노원구 중계동 364,37.6497527,127.0784681
서울특별시 노원구 중계동 361-1,37.6468287,127.0728289
서울특별시 노원구 상계동 1265,37.6816043,127.0565915
서울특별시 노원구 중계동 508,37.6401154,127.067112
서울특별시 노원구 공릉동 26-21,37.6429012,127.1060303
서울특별시 노원구 상계동 1285,37.6669564,127.0796885
서울특별시 노원구 상계동 상계로5길 12,37.6576359,127.0639755
서울특별시 노원구 상계동 한글비석로52길 66,37.6674016,127.0675193
서울특별시 노원구 상계동 652,37.6658306,127.055821
서울특별시 노원구 상계동 624,37.6687829,127.0537253
서울특별시 노원구 공릉동 172,37.6329741,127.0798802
서울특별시 노원구 상계동 누원로 28,37.6875043,127.0544509
서울특별시 노원구 월계동 초안산로 89,37.6355937,127.0515572
서울특별시 노원구 노원길 130,37.654527,127.060551
서울특별시 노원구 공릉동 170-2,37.633405,127.0848607
"서울특별시 노원구 노원로22길 71 (중계동, 건영3차아파트)",37.649162,127.0850329
"서울특별시 노원구 섬밭로 265 (중계동, 경남,롯데,상아아파트)",37.6387427,127.0624023
서울특별시 노원구 중계동 593,37.6489526,127.0833132
"서울특별시 노원구 덕릉로70가길 21 (상계동, 중계센트럴파크)",37.6431785,127.059686
서울특별시 노원구 중계동 덕릉로 613,37.6510125,127.0799977
서울특별시 노원구 중계동 덕릉로76길 29,37.6553682,127.0769326
서울특별시 노원구 한글비석로 15길 51,37.655891,127.073994
서울특별시 노원구 하계동 동일로207길 186,37.6363492,127.0613398
서울특별시 노원구 공릉동 215-4,37.6283978,127.0822704
서울특별시 노원구 중계동 중계로8길 39,37.6469662,127.0844745
서울특별시 노원구 공릉동 화랑로51길 17,37.6236127,127.0885326
서울특별시 도봉구 방학동 720-1,37.6650769,127.0481468
서울특별시 도봉구 방학동 632-1,37.6646276,127.0338865
서울특별시 도봉구 도봉동 641-1,37.6704139,127.0474557
서울특별시 도봉구 마들로 735-8,37.6762628,127.0476639
서울특별시 도봉구 창동 808,37.6572501,127.0483041
서울특별시 도봉구 방학동 498-16,37.6591034,127.0280601
서울특별시 도봉구 방학동 방학로12길 53,37.6634007,127.0285418
서울특별시 도봉구 시루봉로 11길 25-8,37.6644864,127.026793
서울특별시 도봉구 방학동 도봉로150바길 26,37.664659,127.0450715
서울특별시 도봉구 방학동 716-5,37.6664674,127.0456001
서울특별시 도봉구 방학동 해등로 286-5,37.6579548,127.0238617
서울특별시 도봉구 우이천로 367,37.6482481,127.0231958
서울특별시 도봉구 도봉동 도봉산길 35,37.6865522,127.0416311
서울특별시 도봉구 도봉동 626-20,37.6764168,127.0462654
"서울특별시 도봉구 시루봉로2길 62 (쌍문동, 쌍문미라보아파트)",37.6551803,127.031428
서울특별시 도봉구 쌍문동 우이천로30길 28,37.6485398,127.0263035
서울특별시 도봉구 시루봉로 58,37.6558396,127.0292799
서울특별시 도봉구 창동 462-2,37.6380062,127.0428806
서울특별시 도봉구 창동 도봉로136길 111,37.6610333,127.0460895
서울특별시 도봉구 창동 도봉로 428,37.6440243,127.0323922
서울특별시 도봉구 창동 도봉로 642-30,37.6616554,127.0440583
"서울특별시 도봉구 덕릉로63가길 43 (창동, 창동대우아파트)",37.642606,127.036631
서울특별시 도봉구 창동 마들로 551,37.6597474,127.0480433
"서울특별시 도봉구 노해로70길 126 (창동, 주공18단지아파트)",37.6468786,127.0537538
서울특별시 도봉구 덕릉로 60길 164-13,37.6329395,127.042824
서울특별시 도봉구 창동 덕릉로60바길 21,37.639007,127.0410466
서울특별시 도봉구 쌍문동 388-1,37.6459157,127.0287308
서울특별시 도봉구 방학동 방학로11길 33,37.6612776,127.0329893
서울특별시 동대문구 답십리로 130,37.5720374,127.053952
서울특별시 동대문구 답십리로 130,37.5720374,127.053952
서울특별시 동대문구 답십리동 2-283,37.5693685,127.063534
서울특별시 동대문구 휘경동 366,37.5874098,127.0686932
서울특별시 동대문구 답십리동 1000,37.5758796,127.0653027
서울특별시 동대문구 휘경동 286-66,37.5869076,127.0620478
서울특별시 동대문구 휘경동 368,37.590199,127.0663516
서울특별시 동대문구 이문동 64,37.5997832,127.0685137
서울특별시 동대문구 장안동 329-2,37.5759642,127.0753503
서울특별시 동대문구 답십리동 484-45,37.5687281,127.0530157
서울특별시 동대문구 전농동 10,37.5766417,127.060466
"서울특별시 동대문구 왕산로 214 (전농동, 청량리역,롯데백화점)",37.5788092,127.045252
서울특별시 동대문구 답십리동 80,37.5744795,127.0597451
서울특별시 동대문구 회기동 1-1,37.5920728,127.0554806
서울특별시 동대문구 휘경동 52,37.5816643,127.0741896
서울특별시 동대문구 휘경동 57,37.5829867,127.0707472
서울특별시 동대문구 답십리동 465-18,37.5704092,127.0484415
서울특별시 동작구 동작대로 19,37.4781083,126.9811097
서울특별시 동작구 대방동 여의대방로44길 9,37.5093826,126.9255822
서울특별시 동작구 대방동 67-1,37.513883,126.9309273
서울특별시 동작구 상도동 양녕로 287,37.505402,126.9493294
서울특별시 동작구 신대방동 신대방1가길 38,37.4875212,126.9068467
서울특별시 동작구 대방동 상도로 53길 8,37.499352,126.9547334
서울특별시 동작구 신대방동 보라매로5가길 16,37.4913311,126.924105
서울특별시 동작구 상도동 301-132,37.4932987,126.9337114
서울특별시 동작구 사당동 사당로27길 190,37.4907769,126.9725122
서울특별시 동작구 상도동 상도로60길 20,37.4929949,126.9534778
서울특별시 동작구 상도동 등용로 37,37.5047902,126.9339855
서울특별시 동작구 상도동 장승배기로 11,37.4994952,126.9431462
서울특별시 동작구 대방동 345-1,37.5115773,126.9271429
서울특별시 동작구 신대방동 여의대방로10길 100,37.491746,126.9145391
서울특별시 동작구 신대방동 여의대방로 28,37.494565,126.9122485
서울특별시 동작구 동작동 동작대로39길 22,37.4947311,126.9799965
서울특별시 동작구 흑석동 흑석한강로 2,37.506598,126.9664777
서울특별시 동작구 상도동 상도로 346-2,37.496535,126.9489465
서울특별시 마포구 용강동 토정로31길 24,37.5415624,126.9437176
"서울특별시 마포구 만리재로 36 (신공덕동, 공덕 아이파크)",37.5447979,126.9553671
서울특별시 마포구 연남동 동교로39길 11,37.5616893,126.9237152
서울특별시 마포구 용강동 토정로31길 23,37.5423426,126.9418691
서울특별시 마포구 상수동 독막로20나길 22,37.5466232,126.9254881
서울특별시 마포구 상수동 독막로20나길 21,37.5466413,126.9272231
서울특별시 마포구 공덕동 마포대로 109,37.544931,126.9505963
서울특별시 마포구 용강동 마포대로1길 21,37.5401626,126.9418563
서울특별시 마포구 도화동 삼개로 38,37.5363674,126.9470638
서울특별시 마포구 아현동 마포대로 195,37.5555928,126.9536568
서울특별시 마포구 아현동 마포대로 195,37.5555928,126.9536568
서울특별시 마포구 아현동 마포대로 195,37.5555928,126.9536568
서울특별시 마포구 아현동 마포대로 195,37.5555928,126.9536568
서울특별시 마포구 도화동 51-3,37.5418771,126.9465978
서울특별시 마포구 대흥동 804,37.5491849,126.9420139
서울특별시 마포구 성산동 275-3,37.5637867,126.9084724
서울특별시 마포구 아현동 738,37.5521763,126.9555087
서울특별시 마포구 합정동 473,37.5510529,126.9118656
"서울특별시 마포구 월드컵로1길 14 (합정동, 마포 한강 푸르지오)",37.5499947,126.9121946
서울특별시 마포구 양화로 45,37.5509344,126.9137824
서울특별시 마포구 신공덕동 백범로 230,37.5415102,126.9553078
서울특별시 마포구 성산동 531,37.5673826,126.8947017
서울특별시 마포구 상암동 월드컵로 338,37.5727823,126.8896957
서울특별시 마포구 공덕동 105-1,37.5494386,126.9554936
서울특별시 마포구 공덕동 168,37.5490064,126.9539966
서울특별시 마포구 도화동 큰우물로 75,37.541265,126.9462986
서울특별시 마포구 신공덕동 만리재로 60,37.5454786,126.9568968
서울특별시 마포구 노고산동 1-3,37.5562254,126.9422693
서울특별시 마포구 마포동 마포대로 6,37.5371298,126.9438418
서울특별시 마포구 합정동 55-1,37.5445324,126.9164174
서울특별시 마포구 창전동 서강로 95,37.5511712,126.9309007
서울특별시 마포구 토정동 토정로32길 11,37.5395503,126.9412635
서울특별시 서대문구 북가좌동 481,37.5726485,126.9105509
서울특별시 서대문구 남가좌동 388,37.5791313,126.9206681
서울특별시 서대문구 북가좌동 458,37.576394,126.914527
서울특별시 서대문구 남가좌동 377,37.5779334,126.9165623
서울특별시 서대문구 냉천동 261,37.5661386,126.9615836
서울특별시 서대문구 홍제동 453-1,37.5812592,126.9515064
서울특별시 서대문구 홍제동 38-69,37.5828587,126.9522469
서울특별시 서대문구 신촌동 134,37.5646993,126.9394972
서울특별시 서대문구 신촌동 134,37.5646993,126.9394972
서울특별시 서대문구 연희동 739,37.5615201,126.929515
서울특별시 서대문구 연희동 736,37.5765301,126.9293526
"서울특별시 서대문구 연희로32길 48 (연희동, 연희동성원아파트)",37.5762274,126.9385564
서울특별시 서대문구 홍제동 469,37.5852091,126.947365
서울특별시 서대문구 홍은동 11-23,37.6014077,126.9489532
서울특별시 서초구 우면동 788,37.4584613,127.023655
서울특별시 서초구 우면동 368-1,37.4659338,127.0179442
서울특별시 서초구 서초동 1355,37.4856988,127.0279981
서울특별시 서초구 양재동 399,37.4715441,127.0487309
서울특별시 서초구 반포동 산 94-1,37.4966945,127.0023142
서울특별시 서초구 우면동 763,37.4568719,127.0159853
서울특별시 서초구 염곡동 300-9,37.4652142,127.0446694
서울특별시 서초구 양재동 370-5,37.4700905,127.0443091
서울특별시 서초구 서초동 1642-34,37.4920341,127.0175232
서울특별시 서초구 서초동 1301-6,37.5022563,127.0204795
서울특별시 서초구 방배동 754-1,37.4969395,126.9843066
서울특별시 서초구 방배동 755-14,37.4972802,126.9857084
서울특별시 서초구 반포동 730-2,37.5047903,127.0186205
서울특별시 서초구 반포동 30-26,37.5037666,127.0133229
서울특별시 서초구 반포동 60-4,37.5013538,127.0087793
서울특별시 서초구 방배동 884-2,37.4871689,126.9989947
서울특별시 서초구 방배동 797-30,37.4943088,126.9917473
서울특별시 서초구 방배동 3275,37.4976244,126.9880554
서울특별시 서초구 방배동 424-28,37.4836227,126.9844468
서울특별시 서초구 방배동 844-1,37.4918,126.9965278
서울특별시 서초구 반포동 동광로32길 7,37.4941933,126.9975833
서울특별시 서초구 내곡동 6-7,37.4554915,127.066799
서울특별시 서초구 서초동 1529,37.4862288,127.0090498
서울특별시 서초구 서초동 1456-2,37.4838212,127.0142329
서울특별시 서초구 우면동 707,37.4636069,127.0199397
서울특별시 서초구 우면동 737,37.4614494,127.0264908
서울특별시 서초구 우면동 735,37.4618183,127.0232165
서울특별시 서초구 내곡동 77,37.4608886,127.0620372
서울특별시 서초구 서초동 1542-1,37.4915693,127.0083321
서울특별시 서초구 서초동 1642-14,37.4924912,127.0182638
서울특별시 서초구 서초동 1681-8,37.4968628,127.0196736
서울특별시 서초구 서초동 1444-19,37.484302,127.0196886
서울특별시 서초구 서초동 1568-1,37.4907022,127.0128097
서울특별시 서초구 효령로 72길 60,37.4856988,127.0279981
서울특별시 서초구 신원동 374,37.4441742,127.062145
서울특별시 서초구 우면동 753,37.4564356,127.0132521
서울특별시 서초구 우면동 773,37.4573994,127.018071
서울특별시 서초구 반포동 19-3,37.5043637,127.0036211
서울특별시 서초구 반포동 2-12,37.5054568,126.9927721
서울특별시 서초구 양재동 212,37.4650013,127.0361552
서울특별시 서초구 양재동 215,37.4633949,127.0370136
서울특별시 서초구 서초동 산 130-19,37.4798281,127.0120346
서울특별시 서초구 서초동 1549-3,37.4901847,127.010444
서울특별시 서초구 잠원동 10-33,37.5161536,127.0162864
서울특별시 서초구 잠원로3길 40,37.5081523,127.0037071
서울특별시 서초구 염곡동 304-3,37.4649973,127.0457097
서울특별시 서초구 서초동 1338,37.4908944,127.0294856
서울특별시 성동구 금호동1가 1823,37.5545452,127.0229844
서울특별시 성동구 마장로27길 13,37.567708,127.0340591
서울특별시 성동구 금호동4가 56,37.5456282,127.0251703
서울특별시 성동구 금호동2가 금호로 117,37.5530275,127.020416
서울특별시 성동구 성수동1가 685-63,37.549469,127.041543
서울특별시 성동구 응봉동 고산자로4길 34,37.5530656,127.0372525
서울특별시 성동구 자동차시장길 49,37.5586005,127.0575178
서울특별시 성동구 성수동1가 656-334,37.544075,127.0465674
서울특별시 성동구 성수동2가 284-55,37.5469016,127.0516608
서울특별시 성동구 금호동4가 금호로 15,37.5447555,127.0224568
서울특별시 성동구 성수동1가 상원6길 16,37.54841,127.0501541
서울특별시 성동구 성수동2가 성수이로 137,37.5474072,127.0566112
서울특별시 성동구 하왕십리동 843,37.5639874,127.0280247
서울특별시 성동구 상왕십리동 289-5,37.568436,127.0247973
서울특별시 성동구 상왕십리동 302-2,37.568436,127.0247973
서울특별시 성동구 하왕십리동 674-1,37.5639874,127.0280247
서울특별시 성동구 사근동 110,37.5577414,127.0473936
서울특별시 성동구 행당동 행당로 82,37.5558801,127.0292075
서울특별시 성북구 안암동5가 1-2 (고려대학교안암캠퍼스),37.5887496,127.0323735
서울특별시 성북구 안암동5가 126-16 (고려대학교안암캠퍼스),37.5842517,127.0263257
서울특별시 성북구 정릉동 861-1,37.611145,126.9965764
서울특별시 성북구 돈암동 643,37.600483,127.0228469
서울특별시 성북구 길음동 1283,37.6062691,127.0228938
서울특별시 성북구 장위동 317,37.6205465,127.047002
서울특별시 성북구 하월곡동 224,37.5964354,127.0413935
서울특별시 성북구 돈암동 603,37.5975587,127.0102122
서울특별시 성북구 돈암동 524,37.6007336,127.0125049
서울특별시 성북구 돈암동 1-3,37.6041188,127.0285851
서울특별시 성북구 하월곡동 88-387,37.6059797,127.0277905
서울특별시 성북구 석관동 410,37.606127,127.0634204
서울특별시 성북구 보문동4가 116,37.5841441,127.0209691
서울특별시 성북구 돈암동 636,37.5978717,127.01779
서울특별시 성북구 삼선동3가 116,37.5873117,127.0116435
서울특별시 성북구 삼선동2가 425,37.5834925,127.0133824
서울특별시 성북구 삼선동2가 420,37.5821297,127.0134867
서울특별시 성북구 석관동 10,37.6126553,127.0687059
서울특별시 성북구 상월곡동 101,37.6078598,127.0454247
서울특별시 성북구 정릉동 1035,37.5999949,127.0194343
서울특별시 성북구 정릉동 1028,37.6151944,127.0102048
서울특별시 성북구 정릉동 239,37.6185856,127.0073052
서울특별시 성북구 종암동 80,37.6009873,127.0301555
서울특별시 성북구 동소문동7가 23,37.5951745,127.0141482
"서울특별시 성북구 동소문로 315 (길음동, 현대백화점미아점)",37.6080757,127.0288683
서울특별시 송파구 가락동 154,37.4987162,127.1266048
서울특별시 송파구 양재대로 932,37.4934824,127.1115038
서울특별시 송파구 가락동 동남로 193,37.4955425,127.128118
서울특별시 송파구 가락동 중대로12길 35,37.4918787,127.1255132
서울특별시 송파구 잠실동 40,37.5111034,127.0939188
서울특별시 송파구 거여동 양산로8길 8,37.4909346,127.1445265
서울특별시 송파구 거여동 195-1,37.4935529,127.1468374
서울특별시 송파구 거여동 양산로4길 8,37.4892373,127.1438302
서울특별시 송파구 거여동 양산로4길 16,37.4888872,127.1453182
서울특별시 송파구 올림픽로35길 93,37.5180019,127.1044065
서울특별시 송파구 잠실동 잠실로 88,37.508561,127.0948204
서울특별시 송파구 올림픽로 135,37.5140588,127.0884544
서울특별시 송파구 성내천로43길 6,37.4954448,127.1554924
서울특별시 송파구 문정동 38-3,37.4859829,127.1246701
서울특별시 송파구 문정동 문정로 83,37.4906212,127.1302937
서울특별시 송파구 오금로 27길 29,37.5089744,127.1194069
서울특별시 송파구 삼전동 175-8,37.5002448,127.0958748
서울특별시 송파구 송파동 128,37.5070359,127.1133463
서울특별시 송파구 신천동 29-5 송파구청 앞,37.5144533,127.1059047
서울특별시 송파구 장지동 901,37.4759174,127.1393662
서울특별시 송파구 장지동 879,37.479192,127.1401365
서울특별시 송파구 오금동 51,37.5020129,127.1321882
서울특별시 송파구 송파동 오금로32길 14,37.5047234,127.1186753
서울특별시 송파구 가락동 송파대로28길 27,37.495064,127.1204364
서울특별시 송파구 장지동 위례광장로 270,37.4763729,127.1433418
서울특별시 송파구 장지동 송파대로8길 20,37.4775607,127.1305175
서울특별시 송파구 장지동 833,37.4868233,127.1348088
서울특별시 송파구 장지동 충민로4길 5,37.4800704,127.1299069
서울특별시 송파구 충민로6길 14,37.4804012,127.1319697
서울특별시 송파구 충민로 4길 19,37.4791473,127.1308194
서울특별시 송파구 송파대로 8길 17,37.4781727,127.1286551
서울특별시 송파구 마천동 성내천로37길 37,37.498957,127.1591102
서울특별시 송파구 마천동 성내천로47길 38,37.4957807,127.1588479
서울특별시 송파구 풍납동 풍성로26길 31,37.5310247,127.1185335
서울특별시 송파구 거여동 28,37.4920223,127.1463899
서울특별시 송파구 오금동 51,37.5020129,127.1321882
서울특별시 송파구 장지동 380-1,37.4768715,127.1320663
서울특별시 송파구 장지동 위례광장로 185,37.4808631,127.1407395
서울특별시 송파구 장지동 위례광장로 215,37.4805809,127.1458722
서울특별시 송파구 신천동 올림픽로 269,37.5144538,127.1007352
서울특별시 송파구 잠실동 250-5,37.5047602,127.0877456
서울특별시 송파구 방이동 양재대로 1089,37.506137,127.1226568
서울특별시 송파구 풍납동 올림픽로47길 9,37.5272514,127.1177034
서울특별시 송파구 풍납동 토성로 38-6,37.5294308,127.1127416
서울특별시 송파구 신천동 7-11,37.5159813,127.0996333
서울특별시 송파구 송파동 송파대로48길 29,37.5103538,127.1071512
서울특별시 양천구 신월동 263,37.5365481,126.8289314
서울특별시 양천구 신정동 319-15,37.5195361,126.8698778
서울특별시 양천구 신정동 319-1,37.5197369,126.8688415
서울특별시 양천구 신월동 446-4,37.5238251,126.8423268
서울특별시 양천구 목동 965-1,37.5459345,126.8654872
서울특별시 양천구 목동 961,37.5243479,126.8699169
서울특별시 양천구 신정동 337,37.5078744,126.8667209
서울특별시 양천구 신정동 318-10,37.5226624,126.8704318
서울특별시 양천구 목동 905-22,37.5321802,126.8768182
서울특별시 양천구 신정동 중앙로36길 15,37.5203058,126.8564578
서울특별시 양천구 목동 908-28,37.5363533,126.8811224
서울특별시 양천구 목동 900,37.5397474,126.8837827
서울특별시 양천구 신월동 남부순환로56길 9,37.5317249,126.8295917
서울특별시 양천구 신월동 217-8,37.5271031,126.8346566
서울특별시 양천구 신월로20길 7,37.5191489,126.8456641
서울특별시 양천구 신정동 1311,37.5107821,126.8401934
서울특별시 양천구 신정동 1310,37.5118663,126.8391189
서울특별시 양천구 신정동 1324,37.5057865,126.8349182
서울특별시 양천구 신정이펜2로 55,37.5161103,126.8301178
서울특별시 양천구 신정동 321-4,37.5170481,126.8664767
서울특별시 양천구 신월동 1026,37.5243583,126.8394458
서울특별시 양천구 신월동 506-1,37.522995,126.8475775
서울특별시 양천구 신정동 1281,37.513551,126.8353703
서울특별시 양천구 목동 923-5,37.5269584,126.8715054
서울특별시 영등포구 여의도동 1,37.5310582,126.9153816
서울특별시 영등포구 여의도동 21,37.5275442,126.9302837
서울특별시 영등포구 문래동3가 80,37.519736,126.893055
서울특별시 영등포구 문래동3가 80,37.519736,126.893055
서울특별시 영등포구 당산동3가 385,37.525511,126.8957693
서울특별시 영등포구 당산동2가 16-1,37.5211685,126.8930171
서울특별시 영등포구 대림동 608-1,37.5055322,126.8956135
서울특별시 영등포구 대림동 870,37.4911274,126.9034401
서울특별시 영등포구 대림동 780,37.4996894,126.8947038
서울특별시 영등포구 여의도동 의사당대로 127,37.5202418,126.9263745
서울특별시 영등포구 문래동3가 93-1,37.5183975,126.8924595
서울특별시 영등포구 문래동3가 97,37.519073,126.897615
서울특별시 영등포구 문래동3가 당산로4길 12,37.5161432,126.8967779
서울특별시 영등포구 문래동3가 94,37.5183593,126.8908638
서울특별시 영등포구 신길동 가마산로 540,37.5028235,126.9152263
서울특별시 영등포구 신길동 대방천로14길 34,37.4959513,126.9101683
서울특별시 영등포구 당산동4가 93-6,37.5296088,126.8949221
서울특별시 영등포구 신길동 가마산로79길 7,37.5053657,126.9153483
서울특별시 영등포구 신길동 53,37.5163783,126.9181376
서울특별시 영등포구 양평동5가 76,37.5401141,126.8921036
서울특별시 영등포구 여의도동 18,37.5253618,126.916382
서울특별시 영등포구 신길동 426-3,37.5005919,126.9065199
서울특별시 영등포구 당산동3가 3,37.5261847,126.9001402
서울특별시 영등포구 당산동3가 370-4,37.5245755,126.8955988
서울특별시 영등포구 신길동 4945,37.50492,126.9081665
서울특별시 영등포구 도림동 도영로 66,37.5101954,126.9002735
서울특별시 영등포구 경인로 878,37.5171984,126.910193
서울특별시 용산구 이촌동 이촌로64길 15,37.5199471,126.9711075
서울특별시 용산구 용산동6가 11-426,37.523294,126.979065
서울특별시 용산구 한강로1가 64,37.5371752,126.9729851
서울특별시 용산구 이촌로 100-8,37.5239353,126.9580329
서울특별시 용산구 이촌동 이촌로 300,37.517895,126.9800405
서울특별시 용산구 백범로 341,37.5382753,126.9673632
서울특별시 용산구 원효로1가 백범로 341,37.5399801,126.967447
서울특별시 용산구 원효로1가 원효로90길 11,37.5402095,126.9700966
서울특별시 용산구 한강로3가 서빙고로 35,37.5276547,126.9622041
서울특별시 용산구 문배동 백범로90길 26,37.5367533,126.9685517
서울특별시 용산구 한강로3가 12,37.5320837,126.9647065
서울특별시 용산구 한강로1가 50-1,37.5366258,126.9726624
서울특별시 용산구 용산동2가 녹사평대로 245,37.53984,126.9869395
서울특별시 용산구 이태원로 29,37.5363171,126.9771144
"서울특별시 용산구 삼개로 60 (청암동, 천년명가 청암자이)",37.5350359,126.9471968
서울특별시 용산구 용산동5가 서빙고로 67,37.5261469,126.9745744
서울특별시 용산구 문배동 백범로90길 38,37.5367051,126.9695385
서울특별시 용산구 이촌동 이촌로 181,37.5222166,126.9694754
서울특별시 용산구 한남동 서빙고로 413,37.5276854,127.0048333
서울특별시 은평구 통일로 659,37.6053447,126.933673
서울특별시 은평구 역촌동 산 31-1,37.6043078,126.9037143
서울특별시 은평구 백련산로 90,37.5938708,126.9237006
서울특별시 은평구 진관동 81,37.6351744,126.923781
서울특별시 은평구 진관동 62,37.6349638,126.9179775
서울특별시 은평구 녹번동 153-1,37.6053279,126.9231157
"서울특별시 은평구 불광천길 436 (응암동, 응암공영주차장)",37.5943358,126.9155859
서울특별시 은평구 역촌동 9-54,37.606212,126.9157579
서울특별시 종로구 관철동 7-3,37.5694221,126.9872027
서울특별시 종로구 내수동 사직로8길 34,37.5733251,126.9719717
서울특별시 종로구 사직동 사직로8길 4,37.5744169,126.9688811
서울특별시 종로구 소격동 165-10,37.5786333,126.9805545
서울특별시 종로구 구기동 비봉2길 32,37.6116196,126.9586787
서울특별시 종로구 명륜2가 창경궁로 265,37.5846997,126.9990412
서울특별시 종로구 무악동 통일로 246-20,37.5753812,126.9608045
서울특별시 종로구 연건동 28-21,37.5791563,126.9987965
서울특별시 종로구 연건동 28-21,37.5791563,126.9987965
서울특별시 종로구 연건동 28-2,37.5807323,126.9994808
서울특별시 종로구 수송동 80-6,37.5729293,126.9804669
서울특별시 종로구 무악동 통일로 246-20,37.5753812,126.9608045
서울특별시 종로구 숭인동 동망산길 47,37.5809769,127.0159279
서울특별시 종로구 창신동 지봉로5길 7,37.5742172,127.0142876
서울특별시 종로구 창신동 낙산길 198,37.5803228,127.0117854
서울특별시 종로구 인의동 종로 183,37.5714825,126.9986668
서울특별시 중구 만리동1가 231,37.5558918,126.9669542
서울특별시 중구 장충동2가 산 14-67,37.5528698,127.0001308
서울특별시 중구 소공로 35,37.5582581,126.9819219
서울특별시 중구 충무로4가 퇴계로 235,37.5623301,126.9958453
서울특별시 중구 회현동1가 산 1-19,37.5565684,126.9840905
"서울특별시 중구 다산로 32 1동,21동,31동",37.5490132,127.0092806
서울특별시 중구 순화동 서소문로9길 28,37.5635909,126.9703714
서울특별시 중구 을지로7가 2-1,37.5660045,127.0114098
서울특별시 중구 황학동 청계천로 400,37.5709778,127.021434
서울특별시 중구 충무로5가 21,37.5637775,126.9997991
서울특별시 중구 신당동 432-1693,37.549079,127.0059326
서울특별시 중구 봉래동2가 122,37.5581657,126.9695878
서울특별시 중구 남산동3가 11-10,37.5606912,126.9876289
서울특별시 중구 남대문로 92,37.5652217,126.9832853
-,,
서울특별시 중구 소공로 46,37.5594019,126.9832186
서울특별시 중구 신당동 349-234,37.5522341,127.0133311
서울특별시 중구 명동1가 4-1,37.564943,126.9855579
서울특별시 중구 다동 85-4,37.5681809,126.9820272
서울특별시 중랑구 동일로 862,37.6074444,127.0791618
서울특별시 중랑구 묵동 181-4,37.6074444,127.0791618
서울특별시 중랑구 면목동 1510,37.5805524,127.0835585
서울특별시 중랑구 면목동 1522-1,37.5780841,127.0812573
서울특별시 중랑구 면목동 1521,37.5734231,127.0797944
서울특별시 중랑구 묵동 164-4,37.6148556,127.077907
서울특별시 중랑구 묵동 170-1,37.6138455,127.0775528
서울특별시 중랑구 묵동 387,37.618741,127.0824274
서울특별시 중랑구 상봉동 496,37.5994289,127.0886841
서울특별시 중랑구 신내동 316,37.6129812,127.0979689
서울특별시 중랑구 신내동 654,37.614092,127.0932927
서울특별시 중랑구 상봉동 484,37.60335,127.0898862
서울특별시 중랑구 상봉동 1,37.603997,127.0935449
서울특별시 중랑구 신내동 816,37.6171896,127.1064524
서울특별시 중랑구 상봉동 485,37.6040324,127.087774
-,,
서울특별시 중랑구 망우동 583,37.6023573,127.1049545
서울특별시 중랑구 중화동 73-6,37.5952996,127.0781069
서울특별시 중랑구 상봉동 81-5,37.5971029,127.0911815
부산광역시 강서구 성북동 229-1,35.0532208,128.8084432
부산광역시 강서구 명지동 607-5,35.1164551,128.9065002
부산광역시 강서구 대저1동 2300,35.2123248,128.980679
부산광역시 강서구 낙동북로 477,35.2123248,128.980679
부산광역시 강서구 대저2동 1932-1,35.1802062,128.9572162
부산광역시 강서구 송정동 1759,35.0840476,128.8402327
부산광역시 강서구 명지동 3244,35.0831609,128.9060629
부산광역시 강서구 명지동 3234,35.083129,128.8977663
부산광역시 강서구 미음동 1641,35.1485132,128.8623971
부산광역시 강서구 지사동 1274,35.146318,128.8271695
부산광역시 강서구 명지동 3243,35.083025,128.9093767
부산광역시 강서구 명지동 3235,35.080899,128.8971855
부산광역시 강서구 명지동 3231,35.0854913,128.8977771
부산광역시 강서구 명지동 3232,35.0855994,128.9018002
부산광역시 강서구 명지동 3230-11,35.0874868,128.8979859
부산광역시 금정구 구서동 1032-6,35.2551151,129.084501
부산광역시 금정구 구서동 1026-7,35.2568588,129.0842684
부산광역시 금정구 남산동 91-10,35.2674262,129.0922822
부산광역시 금정구 회동동 450,35.2334936,129.1233513
부산광역시 금정구 구서동 561-1,35.2543398,129.0841093
부산광역시 금정구 구서동 1053,35.2464708,129.0845587
부산광역시 금정구 구서동 475,35.2450846,129.090869
부산광역시 금정구 구서동 420-12,35.2448179,129.0927219
부산광역시 금정구 부곡동 78,35.2428539,129.0923754
부산광역시 금정구 구서동 481,35.2460605,129.094302
부산광역시 금정구 장전동 732,35.242935,129.0844687
부산광역시 금정구 청룡동 315,35.2797691,129.0875896
부산광역시 금정구 구서동 481-1,35.2470177,129.0941839
부산광역시 금정구 부곡동 268-2,35.2296262,129.0902433
부산광역시 금정구 부곡동 970,35.2295368,129.0946116
부산광역시 금정구 부곡동 441-27,35.227861,129.0892372
부산광역시 금정구 장전동 427,35.2326852,129.0892105
부산광역시 금정구 두구동 1641,35.291564,129.1051802
부산광역시 금정구 두구동 1494-1,35.273431,129.1044362
부산광역시 금정구 노포동 176,35.2863548,129.0959533
부산광역시 금정구 두구동 174-1,35.2982365,129.1133703
부산광역시 금정구 장전동 242,35.2408936,129.0884078
부산광역시 기장군 철마면 고촌리 684,35.238338,129.1708972
부산광역시 기장군 기장읍 시랑리 408-1,35.1922134,129.2233088
부산광역시 기장군 일광면 원리 39,35.3049963,129.2430477
부산광역시 기장군 기장읍 청강로 76,35.2388418,129.2228217
부산광역시 기장군 기장읍 청강리 154-6,35.2344076,129.2196368
부산광역시 기장군 기장읍 당사리 524,35.1922242,129.2128069
부산광역시 기장군 기장읍 서부리 102,35.2437097,129.2095291
부산광역시 기장군 기장읍 신천리 1,35.2443043,129.2225796
부산광역시 기장군 철마면 안평리 582-21,35.2367584,129.1712444
부산광역시 남구 용호동 895-18,35.1038815,129.1083737
부산광역시 남구 대연동 1268-1,35.1364076,129.0843734
부산광역시 남구 대연동 252-1,35.1506639,129.0917767
부산광역시 남구 문현동 41,35.1442344,129.0727224
부산광역시 남구 문현동 1229-1,35.1467933,129.0657509
부산광역시 남구 대연동 848-4,35.1273476,129.0937848
부산광역시 남구 용호동 176-30,35.1282152,129.1123626
부산광역시 남구 용호동 176-30,35.1282152,129.1123626
부산광역시 남구 용호동 176-30,35.1282152,129.1123626
부산광역시 남구 용호동 176-30,35.1282152,129.1123626
부산광역시 남구 우암동 152-1,35.1250386,129.0769605
부산광역시 남구 용호동 14-1,35.1260013,129.1179446
부산광역시 동구 좌천동 1132-3,35.1273158,129.0518403
부산광역시 동구 초량동 산 53-1,35.1212613,129.03062
부산광역시 동구 범일동 830-72,35.1411189,129.0632458
부산광역시 동구 범일동 183,35.1361348,129.055328
부산광역시 동구 좌천동 68-889,35.1275202,129.0553913
부산광역시 동구 수정동 712-148,35.1324498,129.0386397
부산광역시 동구 초량동 1167,35.1202731,129.0440958
부산광역시 동구 초량동 45-39,35.121789,129.0483272
부산광역시 동구 수정동 1043-60,35.1248154,129.0388812
부산광역시 동구 수정동 1178-47,35.1283151,129.0381816
부산광역시 동구 수정동 600-3,35.1330201,129.0405777
부산광역시 동구 초량동 544-4,35.1152873,129.0376038
부산광역시 동래구 명륜동 756-1,35.2114391,129.0860999
부산광역시 동래구 안락동 451-10,35.196844,129.1049123
부산광역시 동래구 명륜동 753,35.2104689,129.0804299
부산광역시 동래구 명륜동 741,35.2139543,129.0808902
부산광역시 동래구 명장동 63-9,35.2026533,129.1003203
부산광역시 동래구 사직동 1019,35.199599,129.0553158
부산광역시 동래구 사직동 1017,35.1966136,129.0556134
부산광역시 부산진구 전포동 689-28,35.1535818,129.0650539
부산광역시 부산진구 범천동 1090-12,35.1542212,129.0481986
부산광역시 부산진구 범천동 1090-12,35.1542212,129.0481986
부산광역시 부산진구 가야동 335-1,35.1517981,129.0356647
부산광역시 부산진구 범전동 68-21,35.1695193,129.0623281
부산광역시 부산진구 전포동 190,35.1592883,129.0699789
부산광역시 부산진구 부전동 224-7,35.1526224,129.0613592
부산광역시 부산진구 가야동 698,35.1549996,129.0340751
부산광역시 부산진구 양정동 525,35.171123,129.068197
부산광역시 부산진구 범천동 861-1,35.1497691,129.0604591
부산광역시 부산진구 연지동 219-2,35.1715949,129.0543017
부산광역시 부산진구 부전동 576-1,35.1564533,129.0555353
부산광역시 부산진구 부전동 224-7,35.1526224,129.0613592
부산광역시 부산진구 부전동 224-7,35.1526224,129.0613592
부산광역시 부산진구 부전동 224-7,35.1526224,129.0613592
부산광역시 부산진구 양정동 273-20,35.1751605,129.0723441
부산광역시 부산진구 양정동 458-5,35.1733479,129.0631896
부산광역시 부산진구 양정동 458-20,35.1720359,129.0654651
부산광역시 부산진구 연지동 406,35.1722371,129.047743
부산광역시 부산진구 범천동 1000-24,35.1486539,129.0561971
부산광역시 북구 구포동 1251-2,35.1944802,129.0097816
부산광역시 북구 덕천동 364-3,35.2145576,129.0212737
부산광역시 북구 구포동 969-4,35.2017183,128.9994222
부산광역시 북구 구포동 1293,35.1959507,129.0023602
부산광역시 북구 금곡동 57-1,35.264081,129.0212564
부산광역시 북구 덕천동 732-5,35.2105631,129.0024884
부산광역시 북구 구포동 1296,35.2082072,128.999404
부산광역시 북구 만덕동 642-15,35.2140194,129.0306439
부산광역시 북구 만덕동 289-1,35.2101671,129.037159
부산광역시 북구 만덕동 872-3,35.2089764,129.0388181
부산광역시 북구 구포동 1124-1,35.197122,128.9901437
부산광역시 북구 금곡동 1915,35.2484158,129.0138155
"부산광역시 북구 만덕대로155번길 99 (덕천동, 한국폴리텍대학부산캠퍼스)",35.2187711,129.0190346
부산광역시 북구 화명동 1170-1,35.2311208,129.0154951
부산광역시 북구 화명동 2264,35.2376286,129.0125507
부산광역시 북구 금곡동 1898,35.2417052,129.012729
부산광역시 사상구 모라동 1345-7,35.1915459,128.9909309
부산광역시 사상구 새벽시장로135,35.1548754,128.9823624
부산광역시 사상구 덕포동 793,35.1713452,128.9904782
부산광역시 사상구 괘법동 529-1,35.1642893,128.9778086
부산광역시 사상구 모라로93,35.1869545,128.9898995
부산광역시 사상구 모라동 552,35.1838375,128.9964024
부산광역시 사상구 모라동 203,35.1915082,128.9943741
부산광역시 사상구 모라동 334,35.1888606,128.9933306
부산광역시 사상구 백양대로936,35.1900358,128.9924658
부산광역시 사상구 주례동 666,35.1459304,128.9969792
부산광역시 사상구 덕포동 89,35.1687476,128.9898279
부산광역시 사상구 덕포동 89,35.1687476,128.9898279
부산광역시 사상구 감전동 138-8,35.1523431,128.9913262
부산광역시 사상구 주례동 10-4,35.1539048,129.0132825
부산광역시 사상구 엄궁동 669-2,35.1290455,128.9782556
부산광역시 사상구 엄궁동 680-2,35.1244068,128.9761236
부산광역시 사상구 엄궁동 680-1,35.1264688,128.9783103
부산광역시 사상구 주례동 154-1,35.1500433,129.0103964
부산광역시 사상구 주례동 3-32,35.1557027,129.0145505
부산광역시 사상구 학장동 571-3,35.1401418,128.987031
부산광역시 사상구 학장동 574-57,35.1401404,128.9839509
부산광역시 사하구 구평동 497,35.0868104,128.9851634
부산광역시 사하구 신평동 646-1,35.0936034,128.9620472
부산광역시 사하구 하단동 1150-8,35.1057751,128.9472586
부산광역시 사하구 다대동 120-1,35.0607447,128.9782654
부산광역시 사하구 당리동 17-2,35.1098114,128.9795093
부산광역시 사하구 신평동 646-2,35.0949531,128.9616013
부산광역시 사하구 하단동 1149-35,35.1093053,128.9461873
부산광역시 서구 토성동1가 29,35.098636,129.023901
부산광역시 서구 서대신동3가 762,35.1154924,129.0099577
부산광역시 서구 부민동3가 76,35.1040361,129.0159715
부산광역시 서구 암남동 761,35.0586404,129.0107875
부산광역시 서구 암남동 611-1,35.0770315,129.0129433
부산광역시 서구 토성동1가 23,35.099322,129.022957
부산광역시 수영구 망미동 987-24,35.174299,129.1023477
부산광역시 수영구 민락동113-46,35.1548475,129.1277122
부산광역시 수영구 망미동 603-2,35.1722163,129.1092793
부산광역시 수영구 민락동 110-15,35.1561875,129.1338226
부산광역시 수영구 광안동 1333,35.1528264,129.1075257
부산광역시 수영구 남천동 148-15,35.1454212,129.1130256
부산광역시 연제구 거제동 1466-17,35.1942914,129.0836723
부산광역시 연제구 거제동 1479,35.1926037,129.0691885
부산광역시 연제구 거제동 1468-1,35.1934608,129.0822213
부산광역시 연제구 거제동 1515,35.1950919,129.0832707
부산광역시 연제구 거제동 1506,35.1876914,129.0713719
부산광역시 연제구 거제동 1272,35.1886516,129.0629497
부산광역시 연제구 연산동 1062-1,35.186955,129.0988128
부산광역시 연제구 연산동 2298,35.174619,129.083072
부산광역시 연제구 연산동 2235-4,35.1770557,129.1098924
부산광역시 연제구 연산동 2262,35.1885162,129.0892224
부산광역시 연제구 연산동 1555-1,35.176309,129.0788093
부산광역시 영도구 동삼동 1156,35.0787688,129.0797043
부산광역시 영도구 남항동2가 22-1,35.0880552,129.0362927
부산광역시 영도구 청학동 99-229,35.0891827,129.0624153
부산광역시 영도구 동삼동 1011,35.0624409,129.0826404
부산광역시 중구 대청동1가 1-4,35.1063116,129.0323982
부산광역시 중구 보수동1가 41-45,35.1061403,129.0254755
부산광역시 해운대구 반여동 1291-562,35.196235,129.1306538
부산광역시 해운대구 송정동 714-24,35.1779341,129.1978205
부산광역시 해운대구 반여동 산 130-11,35.2028689,129.1356824
부산광역시 해운대구 반여동 1575-5,35.2027378,129.1350585
부산광역시 해운대구 우동 1102-223,35.1712606,129.1415518
부산광역시 해운대구 우동 1102-223,35.1712606,129.1415518
부산광역시 해운대구 좌동 1375,35.1775502,129.1672671
부산광역시 해운대구 우동 1388-8,35.1601792,129.1447624
부산광역시 해운대구 반여동 1662,35.19801,129.1209425
부산광역시 해운대구 반여동 559,35.2148311,129.1229414
부산광역시 해운대구 반여동 1575-78,35.2018782,129.1337832
부산광역시 해운대구 우동 1500,35.1688474,129.1354441
부산광역시 해운대구 우동 1413-4,35.1654789,129.1350847
부산광역시 해운대구 우동 1457,35.1740377,129.1293955
부산광역시 해운대구 재송동 380-1,35.1832923,129.1239547
부산광역시 해운대구 우동 1413,35.1660574,129.1369053
부산광역시 해운대구 우동 1495,35.1689218,129.1296311
부산광역시 해운대구 좌동 1427,35.1751934,129.1820081
부산광역시 해운대구 우동 1467,35.1711671,129.1271917
부산광역시 해운대구 송정광어골로 42(Green Pole),35.1777895,129.1965544
부산광역시 해운대구 중동 552,35.1621402,129.1917755
부산광역시 해운대구 재송동 1192,35.1820973,129.1215501
부산광역시 해운대구 재송동 1223,35.1779368,129.1285535
부산광역시 해운대구 중동 149-1,35.1696494,129.1703741
부산광역시 해운대구 석대동 419,35.2227655,129.1252572
대구광역시 남구 명덕로 104,35.8535979,128.5797492
대구광역시 남구 이천동 이천로19길 68,35.8509579,128.5959049
대구광역시 남구 봉덕동 대덕로 166,35.8401619,128.6020404
대구광역시 남구 대명동 2152-5,35.8510021,128.5788857
대구광역시 달서구 상화로 272,35.8076345,128.543749
대구광역시 달서구 달구벌대로 1095,35.8552487,128.4893299
대구광역시 달서구 신당동 1000-2,35.8552487,128.4893299
대구광역시 달서구 도원동 한실로 29,35.8084731,128.5298072
대구광역시 달서구 본동 804-2,35.8334143,128.5418197
대구광역시 달서구 본리동 110-5,35.8409648,128.5437075
대구광역시 달서구 도원동 한실로 117,35.8082176,128.5383235
대구광역시 달서구 도원동 한실로 30,35.8065244,128.5302041
대구광역시 달서구 대곡동 1041,35.8033301,128.5192122
대구광역시 달서구 유천동 월배로5길 76,35.8179056,128.5124434
대구광역시 달서구 상인동 상인서로 85,35.8171596,128.5406575
대구광역시 달서구 송현동 중흥로 68,35.8282073,128.5578983
대구광역시 달서구 죽전동 죽전1길 81,35.8531292,128.5381108
대구광역시 달서구 두류동 597,35.8528405,128.5585973
대구광역시 달서구 두류동 597-3,35.8526745,128.5571232
대구광역시 달서구 두류동 두류6길 9,35.8579395,128.5668411
대구광역시 달서구 도원동 상화로58길 86,35.8053293,128.5492234
대구광역시 달서구 도원동 한실로 134,35.8056647,128.5413414
대구광역시 달서구 이곡동 1319,35.8617614,128.5050962
대구광역시 달서구 본리동 대명천로 119,35.8387551,128.5459067
대구광역시 달서구 본리동 대명천로 101,35.8386914,128.5477929
대구광역시 달서구 두류동 486-2,35.8549727,128.5553439
대구광역시 달서구 감삼동 달구벌대로 1530,35.8489532,128.5337426
대구광역시 달서구 상인동 월배로 183,35.8181693,128.5334098
대구광역시 달서구 상인동 상인서로 75,35.8161344,128.5415095
대구광역시 달서구 상인동 상인서로 46,35.8149843,128.5446732
대구광역시 달서구 상인동 월서로 14,35.8217511,128.5333203
대구광역시 달서구 상인동 월서로3길 15,35.8202208,128.5350733
대구광역시 달서구 상인동 송현로7길 10,35.8217218,128.5456222
대구광역시 달서구 상인동 송현로7길 9,35.8204585,128.5486146
대구광역시 달서구 성당동 638-1,35.8429836,128.5516816
대구광역시 달서구 성당동 장기로 115,35.8423009,128.5478351
대구광역시 달서구 성당동 성당로33길 16,35.8496002,128.56933
대구광역시 달서구 이곡동 선원남로 99,35.8580657,128.5117776
대구광역시 달서구 이곡동 선원남로 77,35.8580073,128.5087848
대구광역시 달서구 용산동 성지로 11,35.8543848,128.5167205
대구광역시 달서구 용산동 이곡공원로 83,35.8560726,128.5167104
대구광역시 달서구 선원로 171,35.860026,128.511864
대구광역시 달서구 호산로 126,35.8509417,128.4800433
대구광역시 달서구 용산동 448-9,35.8557904,128.5216851
대구광역시 달서구 파호동 달구벌대로 995,35.8536428,128.4753634
대구광역시 달서구 이곡동 계대동문로 123,35.8562181,128.5057951
대구광역시 달서구 이곡동 성서서로 330,35.8544756,128.500963
대구광역시 달서구 송현동 496-2,35.8324655,128.5475836
대구광역시 달서구 송현동 1909-27,35.8268353,128.5444674
대구광역시 달서구 월배로 340,35.8256858,128.5482726
대구광역시 달서구 용산동 장산로 20,35.854811,128.527999
대구광역시 달서구 용산동 장산남로 33,35.8508499,128.5266605
대구광역시 달서구 용산동 용산로 254,35.8595636,128.5316703
대구광역시 달서구 감삼동 와룡로 169,35.8482582,128.5359789
대구광역시 달서구 진천동 72,35.8174467,128.5285527
대구광역시 달서구 진천동 월서로 51,35.818606,128.5298294
대구광역시 달서구 대천동 조암남로 132,35.8185702,128.5186898
대구광역시 달서구 월성동 상원로 143,35.820259,128.5285875
대구광역시 달서구 월성동 학산로7길 5,35.8287112,128.5317333
대구광역시 달서구 조암남로16길 19,35.8212921,128.5229089
대구광역시 달서구 월성동 학산로2길 27,35.8253905,128.5337343
대구광역시 달서구 상인동 송현로7길 41,35.8190881,128.5479114
대구광역시 달서구 유천동 달서대로 67,35.8137012,128.5086441
대구광역시 달서구 유천동 월배로11길 33,35.8148652,128.5183167
대구광역시 달서구 진천동 월배로 80,35.8132331,128.5237828
대구광역시 달서구 진천동 진천로 18길 10,35.8161317,128.5246079
대구광역시 달서구 진천동 상화로 65,35.808559,128.5211576
대구광역시 달서구 본동 1119,35.8323408,128.538755
대구광역시 달서구 갈산동 971-5,35.8359093,128.5061181
대구광역시 달서구 조암로10길 11,35.8247833,128.522528
대구광역시 달성군 현풍읍 성하리 716,35.7020821,128.4368685
대구광역시 달성군 현풍읍 성하리 272,35.7021463,128.4343131
대구광역시 달성군 논공읍 남리 1142-15,35.728282,128.4399154
대구광역시 달성군 논공읍 북리 833-75,35.7276143,128.4487702
대구광역시 달성군 논공읍 북리 1-134,35.7292131,128.4548451
대구광역시 달성군 논공읍 남리 137-21,35.7278377,128.4341207
대구광역시 달성군 옥포읍 돌미로 51,35.7808322,128.4381921
대구광역시 달성군 가창면 대일리 319-1,35.7665449,128.6496102
대구광역시 달성군 화원읍 비슬로509길 26,35.8037443,128.493177
대구광역시 달성군 가창면 가창로 891(가창면 냉천리),35.7788512,128.635736
대구광역시 달성군 구지면 과학마을로2길 6,35.654848,128.4126356
대구광역시 달성군 화원읍 설화리 555,35.7995592,128.4872157
대구광역시 달성군 현풍읍 성하리 228-2,35.7016659,128.4413259
대구광역시 달성군 화원읍 명천로 57,35.8036688,128.5114706
대구광역시 달성군 화원읍 명천로 57,35.8036688,128.5114706
대구광역시 달성군 현풍읍 상리 50-1,35.704635,128.4533021
대구광역시 달성군 하빈면 하빈로 202,35.8913538,128.4253639
대구광역시 달성군 다사읍 죽곡1길 42,35.8545786,128.4632012
대구광역시 달성군 화원읍 명곡로 11,35.7991458,128.4978321
대구광역시 달성군 다사읍 세천로 160,35.8738202,128.4793146
대구광역시 달성군 유가읍 용리 31-2,35.691825,128.5046394
대구광역시 달성군 다사읍 세천리 1670-7,35.8765449,128.4641816
대구광역시 달성군 현풍면 테크노상업로 49,35.693951,128.4529824
대구광역시 달성군 유가면 테크노대로 165,35.6904921,128.4638926
대구광역시 달성군 화원읍 화원로 37,35.8075738,128.4979721
대구광역시 달성군 화원읍 본리리 1-2,35.8070133,128.5079453
대구광역시 달성군 유가면 테크노대로 195,35.6903269,128.4669365
대구광역시 달성군 현풍면 테크노상업로 33,35.6925091,128.451198
대구광역시 달성군 유가면 테크노대로5길 79,35.6959822,128.463866
대구광역시 달성군 논공읍 논공중앙로22길 12,35.7256802,128.4465424
대구광역시 달성군 유가읍 테크노순환로 320,35.6911889,128.470407
대구광역시 달성군 논공읍 논공로 226,35.722115,128.4536379
대구광역시 달성군 화원읍 비슬로491길 13,35.7982535,128.4857238
대구광역시 달성군 가창면 우록리 175-1,35.7226089,128.6465016
대구광역시 달성군 화원읍 구라리 1718-1,35.8099915,128.5105096
대구광역시 달성군 유가면 테크노대로5길 80,35.6964171,128.4666876
대구광역시 달성군 화원읍 인흥1길 12,35.7974305,128.5037874
대구광역시 달성군 화원읍 화원로3길 66,35.8056519,128.497626
대구광역시 달성군 화원읍 성화로4길 13,35.8028216,128.4909873
대구광역시 달성군 유가면 테크노북로9길 42,35.6926912,128.4670068
대구광역시 동구 용계동 942-3,35.8739289,128.6871363
"대구광역시 동구 안심로16길 71 (율하동, e편한세상세계육상선수촌2단지)",35.861947,128.694138
대구광역시 동구 각산동 905,35.8747112,128.7110773
대구광역시 동구 용계동 471-1,35.8729731,128.6794782
"대구광역시 동구 공항로 221 (지저동, 대구국제공항)",35.899067,128.639159
대구광역시 동구 신암동 1503,35.8883387,128.6375878
대구광역시 동구 용계동 444-2,35.8748984,128.6776621
"대구광역시 동구 메디밸리로 35 (사복동, 대구혁신엘에이치이노힐즈)",35.8760657,128.7485219
대구광역시 동구 대림동 887,35.873645,128.7463769
"대구광역시 동구 동부로22길 48 (신천동, 유성푸르나임)",35.8723725,128.6262712
대구광역시 동구 효목동 626,35.874943,128.6409753
대구광역시 동구 효목동 626,35.874943,128.6409753
대구광역시 동구 신서동 538-1,35.8677337,128.7263886
대구광역시 동구 검사동 955-21,35.8848747,128.6578407
대구광역시 동구 용수동 89,35.9898782,128.6910203
"대구광역시 동구 아양로7길 12 (신암동, 신암뜨란채)",35.8833377,128.6177279
대구광역시 동구 신천동 1503,35.8764256,128.6121901
"대구광역시 동구 안심로 402 (신서동, 영조아름다운나날1단지)",35.868951,128.729684
"대구광역시 동구 금호강변로3길 22 (율하동, 우방아이유쉘아파트)",35.8688524,128.687869
"대구광역시 동구 금호강변로 315 (율하동, 율하 휴먼시아12단지)",35.8614666,128.697047
대구광역시 동구 신서동 520-1,35.8707912,128.7274117
"대구광역시 동구 팔공로53길 10 (봉무동, 이시아폴리스 더샵 1차)",35.9260276,128.6396932
"대구광역시 동구 팔공로51길 10 (봉무동, 이시아폴리스 더샵 3차)",35.9320897,128.648452
대구광역시 동구 효목동 55,35.8847301,128.6379971
대구광역시 동구 신기동 555,35.8690455,128.7037409
"대구광역시 동구 파계로 46 (지묘동, 태왕그린힐즈)",35.9394984,128.6399815
"대구광역시 동구 동북로 500 (효목동, 태왕메트로시티)",35.8799911,128.6392464
대구광역시 동구 숙천동 388,35.8792608,128.7529385
대구광역시 동구 대림동 885,35.8757216,128.7467088
대구광역시 동구 검사동 1021,35.8875912,128.6491618
대구광역시 북구 동호동 109,35.9634219,128.5606673
대구광역시 북구 노원동3가 34-11,35.8978877,128.5758431
대구광역시 북구 읍내동 칠곡중앙대로125길 7,35.9506943,128.5518506
대구광역시 북구 읍내동 1206-4,35.9425428,128.5504168
대구광역시 북구 산격동 1370-1,35.8907065,128.6100194
대구광역시 북구 사수동 한강로 17,35.8979139,128.5115764
대구광역시 북구 대현동 대현남로6길 20,35.8796361,128.6089257
대구광역시 북구 고성동3가 2,35.8814242,128.5876905
대구광역시 북구 노원동3가 184-1,35.8965163,128.5737428
대구광역시 북구 유통단지로 45,35.9069484,128.6070013
대구광역시 북구 원대로 110,35.8865906,128.5835863
대구광역시 북구 원대로 110,35.8865906,128.5835863
대구광역시 북구 침산동 430-4,35.8887983,128.5851627
대구광역시 북구 침산동 침산로21길 24,35.8868702,128.5880714
대구광역시 북구 대현동 대현로10길 82,35.8811991,128.6038619
대구광역시 북구 동천동951-1,35.9445226,128.5576551
대구광역시 북구 동변동 679,35.9176351,128.6024424
대구광역시 북구 칠성동2가 302-155,35.8758026,128.5959092
대구광역시 북구 매천동 매전로 17,35.9098342,128.5432712
대구광역시 북구 복현동 복현로 50,35.896658,128.6250922
대구광역시 북구 복현동 동북로 345,35.8912002,128.6280646
대구광역시 북구 복현동 복현로 115,35.8997878,128.6187517
대구광역시 북구 유통단지로 16,35.9038032,128.6059937
대구광역시 북구 노원동1가 원대로 125,35.8884345,128.5827513
대구광역시 북구 읍내동 대천로9길 15,35.9390064,128.5546152
대구광역시 북구 산격동 동북로 131,35.9015904,128.6081527
대구광역시 북구 칠성동2가 중앙대로 540,35.8805554,128.597107
대구광역시 북구 유통단지로60 (산격동),35.9061455,128.6097892
대구광역시 북구 칠성동2가 20-1,35.8849145,128.5900899
대구광역시 북구 검단북로11길 11,35.9155342,128.6103272
대구광역시 북구 태전동 영송로 63,35.9311518,128.5427317
대구광역시 북구 구암동 구암서로 22,35.937606,128.5663656
대구광역시 북구 동천동 동천로 155,35.9454797,128.5600252
대구광역시 북구 구암동 789,35.9354423,128.563513
-,,
대구광역시 북구 태전동 997,35.9314007,128.5498797
대구광역시 북구 국우동 구리로 254,35.9478205,128.5783361
대구광역시 북구 동천동 968,35.9448492,128.5559395
대구광역시 북구 침산동 성북로9길 12,35.8927432,128.5890248
대구광역시 북구 침산동 침산남로7길 50-21,35.8935247,128.5797602
대구광역시 북구 태전동 칠곡중앙대로53길 32,35.9189276,128.542882
대구광역시 북구 호국로 808,35.9575741,128.5665375
대구광역시 북구 구암로 158 (구암동),35.9312895,128.557646
대구광역시 북구 태전동 칠곡중앙대로46길 25,35.9189111,128.5490757
대구광역시 북구 구암동 781,35.9413736,128.5693541
대구광역시 서구 비산동 2131-27,35.8864169,128.5689156
대구광역시 서구 비산동 312-7,35.8699046,128.5702802
대구광역시 서구 국채보상로 249,35.8715572,128.5581961
대구광역시 서구 중리동 26-1,35.8671819,128.5479376
대구광역시 서구 국채보상로 34길 12,35.8671819,128.5479376
"대구광역시 수성구 들안로78길 45 (범어동, 이편한세상범어)",35.8664584,128.6200432
대구광역시 수성구 앞선터널로 519(파동 546-2),35.8118792,128.6179057
대구광역시 수성구 시지동 490,35.8395075,128.6942582
대구광역시 수성구 삼덕동 360-4,35.8287575,128.6739704
대구광역시 수성구 범어동 2262,35.8643144,128.6189676
대구광역시 수성구 대흥동 504,35.8297517,128.6866385
대구광역시 수성구 수성동4가 1000-1,35.8615669,128.6207155
"대구광역시 수성구 무열로 47 (만촌동, 만촌태왕리더스)",35.8630766,128.6480238
대구광역시 수성구 만촌동 1481,35.8569702,128.6479957
대구광역시 수성구 무열로 56 (만촌동),35.8634262,128.6512069
"대구광역시 수성구 지범로 290 (범물동, 범물우방미진아파트)",35.814138,128.647803
대구광역시 수성구 지범로 52 (지산동),35.8262232,128.626497
"대구광역시 수성구 명덕로 477 (범어동, 범어 쌍용 예가)",35.8546882,128.6218876
"대구광역시 수성구 범어천로 200 (범어동, 범어 월드메르디앙 웨스턴 카운티)",35.864354,128.620304
"대구광역시 수성구 청호로 411-3 (범어동, 화산샬레아파트)",35.8537676,128.6378411
"대구광역시 수성구 달구벌대로 3304-1 (신매동, 사월화성파크드림 2단지)",35.8349317,128.7166391
대구광역시 수성구 범어동 630-1,35.8512445,128.6290287
"대구광역시 수성구 국채보상로 1019 (만촌동, 수성누리빌데시앙)",35.8666579,128.6411707
대구광역시 수성구 수성동1가 259-40,35.8565348,128.6125533
대구광역시 수성구 만촌동 1078,35.8541797,128.6469074
"대구광역시 수성구 파동로22길 15 (파동, 수성 아이파크)",35.813431,128.619176
"대구광역시 수성구 달구벌대로454길 9 (수성동1가, 수성태왕하이츠리버뷰)",35.8591875,128.6101108
대구광역시 수성구 팔현길 88-46,35.8714242,128.6730482
"대구광역시 수성구 욱수천로 77 (신매동, 시지3차 태왕하이츠)",35.8397601,128.7114955
"대구광역시 수성구 달구벌대로645길 22 (매호동, 시지우방하이츠)",35.841497,128.7113518
"대구광역시 수성구 욱수천로 7 (욱수동, 태왕월드하이츠아파트)",35.8295285,128.709184
"대구광역시 수성구 달구벌대로669길 20 (사월동, 시지동화 아이위시아파트)",35.8359592,128.7227099
대구광역시 수성구 매호동 1033,35.841846,128.7113374
"대구광역시 수성구 천을로 70 (시지동, 시지월드메르디앙)",35.8441909,128.6981029
